State Abbreviation,State Name,Population
OR,Oregon,4237256
MN,Minnesota,5700671
CO,Colorado,5773714
WI,Wisconsin,5893718
MO,Missouri,6154913
MA,Massachusetts,7029917
AZ,Arizona,7151502
WA,Washington,7693612
VA,Virginia,8631393
NJ,New Jersey,8882190
MI,Michigan,10077331
NC,North Carolina,10488084
GA,Georgia,10711908
OH,Ohio,11799448
IL,Illinois,12671821
PA,Pennsylvania,12801989
NY,New York,20201249
FL,Florida,21538187
TX,Texas,29145505
CA,California,39538223
